<?xml version="1.0"?>
<opencv_storage>
<cascade>
  <stageType>BOOST</stageType>
  <featureType>HAAR</featureType>
  <height>20</height>
  <width>20</width>
  <stageParams>
    <boostType>GAB</boostType>
    <minHitRate>9.9500000476837158e-01</minHitRate>
    <maxFalseAlarm>5.0000000000000000e-01</maxFalseAlarm>
    <weightTrimRate>9.4999999999999996e-01</weightTrimRate>
    <maxDepth>1</maxDepth>
    <maxWeakCount>100</maxWeakCount></stageParams>
  <featureParams>
    <maxCatCount>0</maxCatCount>
    <featSize>1</featSize>
    <mode>ALL</mode></featureParams>
  <stageNum>18</stageNum>
  <stages>
    <!-- stage 0 -->
    <_>
      <maxWeakCount>4</maxWeakCount>
      <stageThreshold>-2.1398780345916748e+00</stageThreshold>
      <weakClassifiers>
        <_>
          <internalNodes>
            0 -1 28 3.9353545755147934e-02</internalNodes>
          <leafValues>
            -9.6764409542083740e-01 6.1927711963653564e-01</leafValues></_>
        <_>
          <internalNodes>
            0 -1 75 1.5273028984665871e-02</internalNodes>
          <leafValues>
            -8.9127540588378906e-01 5.3438675403594971e-01</leafValues></_>
        <_>
          <internalNodes>
            0 -1 57 -3.4812614321708679e-02</internalNodes>
          <leafValues>
            6.3921332359313965e-01 -7.4296778440475464e-01</leafValues></_>
        <_>
          <internalNodes>
            0 -1 43 2.0500982180237770e-02</internalNodes>
          <leafValues>
            -8.6143320798873901e-01 4.6200919151306152e-01</leafValues></_></weakClassifiers></_>
    <!-- stage 1 -->
    <_>
      <maxWeakCount>6</maxWeakCount>
      <stageThreshold>-1.5834990739822388e+00</stageThreshold>
      <weakClassifiers>
        <_>
          <internalNodes>
            0 -1 35 6.0601636767387390e-02</internalNodes>
          <leafValues>
            -8.5402846336364746e-01 5.7593125104904175e-01</leafValues></_>
        <_>
          <internalNodes>
            0 -1 89 8.9890658855438232e-03</internalNodes>
          <leafValues>
            -7.6167255640029907e-01 5.4998123645782471e-01</leafValues></_>
        <_>
          <internalNodes>
            0 -1 10 5.1232263445854187e-02</internalNodes>
          <leafValues>
            -5.9298098087310791e-01 6.8342566490173340e-01</leafValues></_>
        <_>
          <internalNodes>
            0 -1 73 6.9398698396980762e-03</internalNodes>
          <leafValues>
            -7.8374010324478149e-01 4.2742723226547241e-01</leafValues></_>
        <_>
          <internalNodes>
            0 -1 146 -7.6174759306013584e-03</internalNodes>
          <leafValues>
            7.6264446973800659e-01 -4.1944211721420288e-01</leafValues></_>
        <_>
          <internalNodes>
            0 -1 27 2.1942626684904099e-02</internalNodes>
          <leafValues>
            -3.9473137259483337e-01 6.1719775199890137e-01</leafValues></_></weakClassifiers></_>
    <!-- stage 2 -->
    <_>
      <maxWeakCount>6</maxWeakCount>
      <stageThreshold>-1.8712788820266724e+00</stageThreshold>
      <weakClassifiers>
        <_>
          <internalNodes>
            0 -1 61 -2.6481397449970245e-02</internalNodes>
          <leafValues>
            3.8775509595870972e-01 -7.8510838747024536e-01</leafValues></_>
        <_>
          <internalNodes>
            0 -1 147 1.8800217658281326e-02</internalNodes>
          <leafValues>
            -7.4266600608825684e-01 3.5418790578842163e-01</leafValues></_>
        <_>
          <internalNodes>
            0 -1 37 6.9629639387130737e-02</internalNodes>
          <leafValues>
            -7.0405656099319458e-01 4.1830664873123169e-01</leafValues></_>
        <_>
          <internalNodes>
            0 -1 58 7.2767958045005798e-02</internalNodes>
          <leafValues>
            -7.0925426483154297e-01 3.6029535531997681e-01</leafValues></_>
        <_>
          <internalNodes>
            0 -1 160 -3.1479969620704651e-02</internalNodes>
          <leafValues>
            6.0066837072372437e-01 -3.8079088926315308e-01</leafValues></_>
        <_>
          <internalNodes>
            0 -1 47 -1.3013934949412942e-03</internalNodes>
          <leafValues>
            3.2823401689529419e-01 -6.0510271787643433e-01</leafValues></_></weakClassifiers></_>
    <!-- stage 3 -->
    <_>
      <maxWeakCount>5</maxWeakCount>
      <stageThreshold>-2.0551402568817139e+00</stageThreshold>
      <weakClassifiers>
        <_>
          <internalNodes>
            0 -1 74 -8.1374729052186012e-03</internalNodes>
          <leafValues>
            5.4385966062545776e-01 -7.1821308135986328e-01</leafValues></_>
        <_>
          <internalNodes>
            0 -1 121 -3.8374021649360657e-02</internalNodes>
          <leafValues>
            3.3269375562667847e-01 -7.0262187719345093e-01</leafValues></_>
        <_>
          <internalNodes>
            0 -1 148 3.7283509969711304e-02</internalNodes>
          <leafValues>
            -5.3524082899093628e-01 5.1022577285766602e-01</leafValues></_>
        <_>
          <internalNodes>
            0 -1 0 -5.6805722415447235e-03</internalNodes>
          <leafValues>
            4.1196897625923157e-01 -4.8805308341979980e-01</leafValues></_>
        <_>
          <internalNodes>
            0 -1 101 -2.1148305386304855e-02</internalNodes>
          <leafValues>
            3.0888620018959045e-01 -6.5647810697555542e-01</leafValues></_></weakClassifiers></_>
    <!-- stage 4 -->
    <_>
      <maxWeakCount>7</maxWeakCount>
      <stageThreshold>-1.3789935111999512e+00</stageThreshold>
      <weakClassifiers>
        <_>
          <internalNodes>
            0 -1 136 -4.5418269000947475e-03</internalNodes>
          <leafValues>
            4.0799999237060547e-01 -7.1278458833694458e-01</leafValues></_>
        <_>
          <internalNodes>
            0 -1 39 -7.1546798571944237e-03</internalNodes>
          <leafValues>
            5.5215775966644287e-01 -4.5133209228515625e-01</leafValues></_>
        <_>
          <internalNodes>
            0 -1 33 9.8153501749038696e-02</internalNodes>
          <leafValues>
            -6.6097331047058105e-01 3.5158672928810120e-01</leafValues></_>
        <_>
          <internalNodes>
            0 -1 68 1.4816584065556526e-02</internalNodes>
          <leafValues>
            -8.1774121522903442e-01 2.3466974496841431e-01</leafValues></_>
        <_>
          <internalNodes>
            0 -1 82 -8.3948508836328983e-04</internalNodes>
          <leafValues>
            2.3659151792526245e-01 -6.7937600612640381e-01</leafValues></_>
        <_>
          <internalNodes>
            0 -1 9 -1.9897770136594772e-02</internalNodes>
          <leafValues>
            6.2394815683364868e-01 -2.7494326233863831e-01</leafValues></_>
        <_>
          <internalNodes>
            0 -1 32 6.9910824298858643e-02</internalNodes>
          <leafValues>
            -6.0926198959350586e-01 3.3616560697555542e-01</leafValues></_></weakClassifiers></_>
    <!-- stage 5 -->
    <_>
      <maxWeakCount>7</maxWeakCount>
      <stageThreshold>-1.8843137025833130e+00</stageThreshold>
      <weakClassifiers>
        <_>
          <internalNodes>
            0 -1 26 1.9678961485624313e-02</internalNodes>
          <leafValues>
            -7.8833693265914917e-01 3.8626611232757568e-02</leafValues></_>
        <_>
          <internalNodes>
            0 -1 79 1.4389287680387497e-02</internalNodes>
          <leafValues>
            -6.2059623003005981e-01 2.7500721812248230e-01</leafValues></_>
        <_>
          <internalNodes>
            0 -1 151 -3.7451360374689102e-02</internalNodes>
          <leafValues>
            3.6728981137275696e-01 -4.3434253334999084e-01</leafValues></_>
        <_>
          <internalNodes>
            0 -1 91 2.3585479706525803e-02</internalNodes>
          <leafValues>
            -6.1588048934936523e-01 2.5110808014869690e-01</leafValues></_>
        <_>
          <internalNodes>
            0 -1 64 6.7379656247794628e-03</internalNodes>
          <leafValues>
            1.7756007611751556e-01 -7.7401196956634521e-01</leafValues></_>
        <_>
          <internalNodes>
            0 -1 119 2.0665344782173634e-03</internalNodes>
          <leafValues>
            2.2134850919246674e-01 -6.6551131010055542e-01</leafValues></_>
        <_>
          <internalNodes>
            0 -1 52 1.4263499528169632e-02</internalNodes>
          <leafValues>
            -7.6936614513397217e-01 1.6719026863574982e-01</leafValues></_></weakClassifiers></_>
    <!-- stage 6 -->
    <_>
      <maxWeakCount>9</maxWeakCount>
      <stageThreshold>-1.7452282905578613e+00</stageThreshold>
      <weakClassifiers>
        <_>
          <internalNodes>
            0 -1 59 -1.0717241093516350e-02</internalNodes>
          <leafValues>
            1.2462005764245987e-01 -7.0837253332138062e-01</leafValues></_>
        <_>
          <internalNodes>
            0 -1 31 2.1159876137971878e-02</internalNodes>
          <leafValues>
            -4.8085638880729675e-01 2.9579946398735046e-01</leafValues></_>
        <_>
          <internalNodes>
            0 -1 66 5.5346377193927765e-02</internalNodes>
          <leafValues>
            -2.0124629139900208e-01 7.1635895967483521e-01</leafValues></_>
        <_>
          <internalNodes>
            0 -1 139 -3.4190523438155651e-03</internalNodes>
          <leafValues>
            2.1188789606094360e-01 -6.9326984882354736e-01</leafValues></_>
        <_>
          <internalNodes>
            0 -1 65 -4.7923699021339417e-03</internalNodes>
          <leafValues>
            -6.6446185111999512e-01 1.8582549691200256e-01</leafValues></_>
        <_>
          <internalNodes>
            0 -1 143 1.2601607479155064e-02</internalNodes>
          <leafValues>
            -5.1770454645156860e-01 2.6030793786048889e-01</leafValues></_>
        <_>
          <internalNodes>
            0 -1 145 -3.8482376839965582e-03</internalNodes>
          <leafValues>
            -8.3694922924041748e-01 1.2563234567642212e-01</leafValues></_>
        <_>
          <internalNodes>
            0 -1 115 6.5167292952537537e-02</internalNodes>
          <leafValues>
            -4.3656203150749207e-01 2.5301215052604675e-01</leafValues></_>
        <_>
          <internalNodes>
            0 -1 149 -2.2286290768533945e-03</internalNodes>
          <leafValues>
            -7.4318534135818481e-01 1.4979930222034454e-01</leafValues></_></weakClassifiers></_>
    <!-- stage 7 -->
    <_>
      <maxWeakCount>11</maxWeakCount>
      <stageThreshold>-1.5802190303802490e+00</stageThreshold>
      <weakClassifiers>
        <_>
          <internalNodes>
            0 -1 2 4.0189705789089203e-02</internalNodes>
          <leafValues>
            -6.4642858505249023e-01 4.4117648154497147e-02</leafValues></_>
        <_>
          <internalNodes>
            0 -1 55 -1.1739328503608704e-02</internalNodes>
          <leafValues>
            1.2573303282260895e-01 -6.9567948579788208e-01</leafValues></_>
        <_>
          <internalNodes>
            0 -1 118 1.2745726853609085e-03</internalNodes>
          <leafValues>
            1.3655649125576019e-01 -7.0406645536422729e-01</leafValues></_>
        <_>
          <internalNodes>
            0 -1 88 1.2823367491364479e-02</internalNodes>
          <leafValues>
            -5.5423599481582642e-01 2.3942716419696808e-01</leafValues></_>
        <_>
          <internalNodes>
            0 -1 124 4.3278010562062263e-03</internalNodes>
          <leafValues>
            -5.2318888902664185e-01 2.5401300191879272e-01</leafValues></_>
        <_>
          <internalNodes>
            0 -1 38 3.6054701922694221e-05</internalNodes>
          <leafValues>
            -6.8672156333923340e-01 1.5072654187679291e-01</leafValues></_>
        <_>
          <internalNodes>
            0 -1 142 -2.2091034334152937e-03</internalNodes>
          <leafValues>
            -6.1383718252182007e-01 1.4787925779819489e-01</leafValues></_>
        <_>
          <internalNodes>
            0 -1 137 2.6399302296340466e-03</internalNodes>
          <leafValues>
            -4.5915231108665466e-01 2.3335108160972595e-01</leafValues></_>
        <_>
          <internalNodes>
            0 -1 96 -3.1680468237027526e-04</internalNodes>
          <leafValues>
            1.8915796279907227e-01 -4.5097339153289795e-01</leafValues></_>
        <_>
          <internalNodes>
            0 -1 4 -6.5563321113586426e-03</internalNodes>
          <leafValues>
            2.7160665392875671e-01 -3.3251836895942688e-01</leafValues></_>
        <_>
          <internalNodes>
            0 -1 153 -1.7017007339745760e-03</internalNodes>
          <leafValues>
            -7.4821376800537109e-01 1.1739433556795120e-01</leafValues></_></weakClassifiers></_>
    <!-- stage 8 -->
    <_>
      <maxWeakCount>12</maxWeakCount>
      <stageThreshold>-1.6324965953826904e+00</stageThreshold>
      <weakClassifiers>
        <_>
          <internalNodes>
            0 -1 77 9.8851174116134644e-03</internalNodes>
          <leafValues>
            -7.9457914829254150e-01 -2.2431258857250214e-01</leafValues></_>
        <_>
          <internalNodes>
            0 -1 154 1.8314525485038757e-02</internalNodes>
          <leafValues>
            9.5989942550659180e-02 -6.9825440645217896e-01</leafValues></_>
        <_>
          <internalNodes>
            0 -1 85 -4.9076385796070099e-02</internalNodes>
          <leafValues>
            2.4288302659988403e-01 -4.3670329451560974e-01</leafValues></_>
        <_>
          <internalNodes>
            0 -1 30 -5.7419640943408012e-03</internalNodes>
          <leafValues>
            -6.2458217144012451e-01 1.4451806247234344e-01</leafValues></_>
        <_>
          <internalNodes>
            0 -1 109 4.3226098641753197e-03</internalNodes>
          <leafValues>
            -6.1759144067764282e-01 1.4305540919303894e-01</leafValues></_>
        <_>
          <internalNodes>
            0 -1 106 3.1713675707578659e-03</internalNodes>
          <leafValues>
            1.1672536283731461e-01 -7.3913568258285522e-01</leafValues></_>
        <_>
          <internalNodes>
            0 -1 11 -2.6668488979339600e-02</internalNodes>
          <leafValues>
            -7.9537409543991089e-01 1.0111372917890549e-01</leafValues></_>
        <_>
          <internalNodes>
            0 -1 81 -8.5821878165006638e-03</internalNodes>
          <leafValues>
            -6.0483562946319580e-01 1.2687276303768158e-01</leafValues></_>
        <_>
          <internalNodes>
            0 -1 42 2.4967349600046873e-03</internalNodes>
          <leafValues>
            -3.9597445726394653e-01 2.4880732595920563e-01</leafValues></_>
        <_>
          <internalNodes>
            0 -1 45 7.6501384377479553e-02</internalNodes>
          <leafValues>
            -2.5719878077507019e-01 4.0832903981208801e-01</leafValues></_>
        <_>
          <internalNodes>
            0 -1 95 -1.0730242356657982e-02</internalNodes>
          <leafValues>
            -6.5086066722869873e-01 1.4221857488155365e-01</leafValues></_>
        <_>
          <internalNodes>
            0 -1 94 2.2589196451008320e-03</internalNodes>
          <leafValues>
            1.9423416256904602e-01 -4.8154726624488831e-01</leafValues></_></weakClassifiers></_>
    <!-- stage 9 -->
    <_>
      <maxWeakCount>10</maxWeakCount>
      <stageThreshold>-1.4895617961883545e+00</stageThreshold>
      <weakClassifiers>
        <_>
          <internalNodes>
            0 -1 53 7.5917164795100689e-03</internalNodes>
          <leafValues>
            -6.4656615257263184e-01 3.0303031206130981e-01</leafValues></_>
        <_>
          <internalNodes>
            0 -1 49 4.4151479378342628e-03</internalNodes>
          <leafValues>
            -4.0700367093086243e-01 3.9684683084487915e-01</leafValues></_>
        <_>
          <internalNodes>
            0 -1 69 1.1080148629844189e-02</internalNodes>
          <leafValues>
            2.1278844773769379e-01 -6.2652921676635742e-01</leafValues></_>
        <_>
          <internalNodes>
            0 -1 48 2.8033303096890450e-03</internalNodes>
          <leafValues>
            2.0540742576122284e-01 -6.6600000858306885e-01</leafValues></_>
        <_>
          <internalNodes>
            0 -1 5 5.6487405672669411e-03</internalNodes>
          <leafValues>
            -4.6047419309616089e-01 3.2518026232719421e-01</leafValues></_>
        <_>
          <internalNodes>
            0 -1 138 -1.3347089290618896e-02</internalNodes>
          <leafValues>
            3.2596322894096375e-01 -3.7375271320343018e-01</leafValues></_>
        <_>
          <internalNodes>
            0 -1 40 -9.0928655117750168e-04</internalNodes>
          <leafValues>
            1.9063580036163330e-01 -5.9312516450881958e-01</leafValues></_>
        <_>
          <internalNodes>
            0 -1 102 3.4661176614463329e-03</internalNodes>
          <leafValues>
            -6.1020970344543457e-01 2.0735214650630951e-01</leafValues></_>
        <_>
          <internalNodes>
            0 -1 67 -3.8594319485127926e-03</internalNodes>
          <leafValues>
            2.8668516874313354e-01 -4.0776133537292480e-01</leafValues></_>
        <_>
          <internalNodes>
            0 -1 76 -2.1586021408438683e-02</internalNodes>
          <leafValues>
            -7.7756464481353760e-01 1.6659098863601685e-01</leafValues></_></weakClassifiers></_>
    <!-- stage 10 -->
    <_>
      <maxWeakCount>10</maxWeakCount>
      <stageThreshold>-1.4877045154571533e+00</stageThreshold>
      <weakClassifiers>
        <_>
          <internalNodes>
            0 -1 144 -2.4703122675418854e-02</internalNodes>
          <leafValues>
            1.7532467842102051e-01 -7.0664209127426147e-01</leafValues></_>
        <_>
          <internalNodes>
            0 -1 18 5.2737690508365631e-02</internalNodes>
          <leafValues>
            -3.9917513728141785e-01 5.0343984365463257e-01</leafValues></_>
        <_>
          <internalNodes>
            0 -1 129 -1.1003922671079636e-02</internalNodes>
          <leafValues>
            6.0997653007507324e-01 -2.8306069970130920e-01</leafValues></_>
        <_>
          <internalNodes>
            0 -1 8 -7.3223069310188293e-02</internalNodes>
          <leafValues>
            7.3882925510406494e-01 -1.8188907206058502e-01</leafValues></_>
        <_>
          <internalNodes>
            0 -1 83 2.0542627200484276e-02</internalNodes>
          <leafValues>
            -5.7600039243698120e-01 2.7229437232017517e-01</leafValues></_>
        <_>
          <internalNodes>
            0 -1 86 2.8567232657223940e-03</internalNodes>
          <leafValues>
            2.5998434424400330e-01 -6.2251156568527222e-01</leafValues></_>
        <_>
          <internalNodes>
            0 -1 140 -7.4032150208950043e-02</internalNodes>
          <leafValues>
            5.9338265657424927e-01 -2.6333054900169373e-01</leafValues></_>
        <_>
          <internalNodes>
            0 -1 92 -4.9322685226798058e-03</internalNodes>
          <leafValues>
            -6.5209317207336426e-01 2.2468876838684082e-01</leafValues></_>
        <_>
          <internalNodes>
            0 -1 107 6.4270552247762680e-03</internalNodes>
          <leafValues>
            -5.1613527536392212e-01 2.7366161346435547e-01</leafValues></_>
        <_>
          <internalNodes>
            0 -1 155 -1.2144328793510795e-03</internalNodes>
          <leafValues>
            -6.4714813232421875e-01 1.9254589080810547e-01</leafValues></_></weakClassifiers></_>
    <!-- stage 11 -->
    <_>
      <maxWeakCount>10</maxWeakCount>
      <stageThreshold>-1.3612567186355591e+00</stageThreshold>
      <weakClassifiers>
        <_>
          <internalNodes>
            0 -1 25 3.1928349286317825e-02</internalNodes>
          <leafValues>
            -6.9708371162414551e-01 8.8145896792411804e-02</leafValues></_>
        <_>
          <internalNodes>
            0 -1 135 4.1837180033326149e-03</internalNodes>
          <leafValues>
            -3.4482780098915100e-01 5.3674864768981934e-01</leafValues></_>
        <_>
          <internalNodes>
            0 -1 29 4.7735847532749176e-02</internalNodes>
          <leafValues>
            -2.2750762104988098e-01 6.9306272268295288e-01</leafValues></_>
        <_>
          <internalNodes>
            0 -1 116 -2.0723868146887980e-05</internalNodes>
          <leafValues>
            2.4023905396461487e-01 -5.5734676122665405e-01</leafValues></_>
        <_>
          <internalNodes>
            0 -1 152 1.1444523930549622e-02</internalNodes>
          <leafValues>
            -2.3914785683155060e-01 5.3390747308731079e-01</leafValues></_>
        <_>
          <internalNodes>
            0 -1 20 5.6775815784931183e-02</internalNodes>
          <leafValues>
            -5.6784999370574951e-01 2.5846490263938904e-01</leafValues></_>
        <_>
          <internalNodes>
            0 -1 158 -1.6872961074113846e-02</internalNodes>
          <leafValues>
            -8.1439810991287231e-01 1.6903643310070038e-01</leafValues></_>
        <_>
          <internalNodes>
            0 -1 70 1.2346988543868065e-02</internalNodes>
          <leafValues>
            1.2124216556549072e-01 -7.7508807182312012e-01</leafValues></_>
        <_>
          <internalNodes>
            0 -1 163 5.8408535551279783e-04</internalNodes>
          <leafValues>
            1.2255823612213135e-01 -6.7418158054351807e-01</leafValues></_>
        <_>
          <internalNodes>
            0 -1 13 -7.7055310830473900e-03</internalNodes>
          <leafValues>
            -9.1806674003601074e-01 1.3436734676361084e-01</leafValues></_></weakClassifiers></_>
    <!-- stage 12 -->
    <_>
      <maxWeakCount>10</maxWeakCount>
      <stageThreshold>-1.4204187393188477e+00</stageThreshold>
      <weakClassifiers>
        <_>
          <internalNodes>
            0 -1 62 4.7632351517677307e-02</internalNodes>
          <leafValues>
            -8.1061691045761108e-01 -2.1151079237461090e-01</leafValues></_>
        <_>
          <internalNodes>
            0 -1 127 2.8971396386623383e-03</internalNodes>
          <leafValues>
            5.4396402090787888e-02 -6.7602866888046265e-01</leafValues></_>
        <_>
          <internalNodes>
            0 -1 122 3.2402635551989079e-03</internalNodes>
          <leafValues>
            -6.0380065441131592e-01 1.4102113246917725e-01</leafValues></_>
        <_>
          <internalNodes>
            0 -1 6 7.0147495716810226e-03</internalNodes>
          <leafValues>
            1.7258983850479126e-01 -5.9631842374801636e-01</leafValues></_>
        <_>
          <internalNodes>
            0 -1 125 4.3483544141054153e-03</internalNodes>
          <leafValues>
            1.3657373189926147e-01 -5.8589196205139160e-01</leafValues></_>
        <_>
          <internalNodes>
            0 -1 141 -2.1682790247723460e-05</internalNodes>
          <leafValues>
            2.2097830474376678e-01 -4.1465079784393311e-01</leafValues></_>
        <_>
          <internalNodes>
            0 -1 24 1.7003634711727500e-03</internalNodes>
          <leafValues>
            -3.7903323769569397e-01 2.5920140743255615e-01</leafValues></_>
        <_>
          <internalNodes>
            0 -1 50 -2.8745912015438080e-02</internalNodes>
          <leafValues>
            -5.9040695428848267e-01 1.5676465630531311e-01</leafValues></_>
        <_>
          <internalNodes>
            0 -1 114 8.6086811497807503e-03</internalNodes>
          <leafValues>
            1.0514190793037415e-01 -7.3068499565124512e-01</leafValues></_>
        <_>
          <internalNodes>
            0 -1 72 -1.7851183190941811e-02</internalNodes>
          <leafValues>
            2.3465617001056671e-01 -3.7962830066680908e-01</leafValues></_></weakClassifiers></_>
    <!-- stage 13 -->
    <_>
      <maxWeakCount>10</maxWeakCount>
      <stageThreshold>-1.4981427192687988e+00</stageThreshold>
      <weakClassifiers>
        <_>
          <internalNodes>
            0 -1 162 -3.0738385394215584e-02</internalNodes>
          <leafValues>
            4.5600000023841858e-01 -6.0694551467895508e-01</leafValues></_>
        <_>
          <internalNodes>
            0 -1 120 8.0480687320232391e-03</internalNodes>
          <leafValues>
            -6.3935768604278564e-01 2.1808755397796631e-01</leafValues></_>
        <_>
          <internalNodes>
            0 -1 111 -1.9334437092766166e-03</internalNodes>
          <leafValues>
            -7.3513334989547729e-01 1.3424822688102722e-01</leafValues></_>
        <_>
          <internalNodes>
            0 -1 78 -1.9078942015767097e-02</internalNodes>
          <leafValues>
            3.1647935509681702e-01 -4.1880643367767334e-01</leafValues></_>
        <_>
          <internalNodes>
            0 -1 12 3.6908465623855591e-01</internalNodes>
          <leafValues>
            -2.7362129092216492e-01 4.9433943629264832e-01</leafValues></_>
        <_>
          <internalNodes>
            0 -1 46 2.1843167021870613e-02</internalNodes>
          <leafValues>
            1.8480560183525085e-01 -7.4647319316864014e-01</leafValues></_>
        <_>
          <internalNodes>
            0 -1 54 5.6649073958396912e-03</internalNodes>
          <leafValues>
            -7.6983940601348877e-01 2.0067892968654633e-01</leafValues></_>
        <_>
          <internalNodes>
            0 -1 157 -4.1324137710034847e-03</internalNodes>
          <leafValues>
            -8.6945039033889771e-01 9.7928337752819061e-02</leafValues></_>
        <_>
          <internalNodes>
            0 -1 80 -1.8124395865015686e-05</internalNodes>
          <leafValues>
            3.3263391256332397e-01 -3.6171150207519531e-01</leafValues></_>
        <_>
          <internalNodes>
            0 -1 7 -2.5474995374679565e-02</internalNodes>
          <leafValues>
            6.4556539058685303e-01 -1.7305336892604828e-01</leafValues></_></weakClassifiers></_>
    <!-- stage 14 -->
    <_>
      <maxWeakCount>10</maxWeakCount>
      <stageThreshold>-1.3342798948287964e+00</stageThreshold>
      <weakClassifiers>
        <_>
          <internalNodes>
            0 -1 133 -6.7250160500407219e-03</internalNodes>
          <leafValues>
            4.7445255517959595e-01 -6.1912351846694946e-01</leafValues></_>
        <_>
          <internalNodes>
            0 -1 156 -2.6967406272888184e-02</internalNodes>
          <leafValues>
            5.3066486120223999e-01 -2.9192820191383362e-01</leafValues></_>
        <_>
          <internalNodes>
            0 -1 99 -9.9144148407503963e-05</internalNodes>
          <leafValues>
            2.5131526589393616e-01 -5.0029444694519043e-01</leafValues></_>
        <_>
          <internalNodes>
            0 -1 60 -8.1552620977163315e-03</internalNodes>
          <leafValues>
            2.0646587014198303e-01 -6.1992102861404419e-01</leafValues></_>
        <_>
          <internalNodes>
            0 -1 19 -2.4161184206604958e-02</internalNodes>
          <leafValues>
            -7.2543346881866455e-01 2.1407961845397949e-01</leafValues></_>
        <_>
          <internalNodes>
            0 -1 21 -3.2587334513664246e-02</internalNodes>
          <leafValues>
            7.3232096433639526e-01 -1.8794342875480652e-01</leafValues></_>
        <_>
          <internalNodes>
            0 -1 87 -8.2207040395587683e-04</internalNodes>
          <leafValues>
            -7.4420702457427979e-01 1.7159265279769897e-01</leafValues></_>
        <_>
          <internalNodes>
            0 -1 3 -9.3351244926452637e-02</internalNodes>
          <leafValues>
            6.2227928638458252e-01 -1.6943505406379700e-01</leafValues></_>
        <_>
          <internalNodes>
            0 -1 15 3.0427623540163040e-02</internalNodes>
          <leafValues>
            -2.2818465530872345e-01 5.0036644935607910e-01</leafValues></_>
        <_>
          <internalNodes>
            0 -1 134 5.9623932465910912e-03</internalNodes>
          <leafValues>
            -3.9769577980041504e-01 2.5839468836784363e-01</leafValues></_></weakClassifiers></_>
    <!-- stage 15 -->
    <_>
      <maxWeakCount>16</maxWeakCount>
      <stageThreshold>-1.5230237245559692e+00</stageThreshold>
      <weakClassifiers>
        <_>
          <internalNodes>
            0 -1 110 8.4679517894983292e-03</internalNodes>
          <leafValues>
            -8.3456426858901978e-01 -2.7703702449798584e-01</leafValues></_>
        <_>
          <internalNodes>
            0 -1 1 -1.6923353075981140e-02</internalNodes>
          <leafValues>
            1.4774891734123230e-01 -4.3843725323677063e-01</leafValues></_>
        <_>
          <internalNodes>
            0 -1 119 3.7919613532721996e-03</internalNodes>
          <leafValues>
            1.2301646173000336e-01 -7.5351041555404663e-01</leafValues></_>
        <_>
          <internalNodes>
            0 -1 93 7.8435130417346954e-03</internalNodes>
          <leafValues>
            1.2229679524898529e-01 -7.2586232423782349e-01</leafValues></_>
        <_>
          <internalNodes>
            0 -1 51 4.9502268433570862e-02</internalNodes>
          <leafValues>
            9.7568184137344360e-02 -8.1713056564331055e-01</leafValues></_>
        <_>
          <internalNodes>
            0 -1 103 -6.1194732552394271e-05</internalNodes>
          <leafValues>
            2.0401661098003387e-01 -3.9044240117073059e-01</leafValues></_>
        <_>
          <internalNodes>
            0 -1 123 -1.5505885705351830e-02</internalNodes>
          <leafValues>
            -7.1962648630142212e-01 9.9958114326000214e-02</leafValues></_>
        <_>
          <internalNodes>
            0 -1 90 -1.1903094127774239e-02</internalNodes>
          <leafValues>
            2.6610031723976135e-01 -3.1170514225959778e-01</leafValues></_>
        <_>
          <internalNodes>
            0 -1 41 7.4276276864111423e-03</internalNodes>
          <leafValues>
            -3.9094156026840210e-01 1.8548081815242767e-01</leafValues></_>
        <_>
          <internalNodes>
            0 -1 128 1.3797527644783258e-03</internalNodes>
          <leafValues>
            1.1012223362922668e-01 -7.2038537263870239e-01</leafValues></_>
        <_>
          <internalNodes>
            0 -1 23 9.9780363962054253e-04</internalNodes>
          <leafValues>
            -4.1461956501007080e-01 1.8217578530311584e-01</leafValues></_>
        <_>
          <internalNodes>
            0 -1 17 -6.6322037018835545e-03</internalNodes>
          <leafValues>
            3.2274329662322998e-01 -2.1578258275985718e-01</leafValues></_>
        <_>
          <internalNodes>
            0 -1 100 -1.7767210956662893e-03</internalNodes>
          <leafValues>
            1.8111202120780945e-01 -3.9966362714767456e-01</leafValues></_>
        <_>
          <internalNodes>
            0 -1 113 -2.0259327720850706e-03</internalNodes>
          <leafValues>
            -6.8310934305191040e-01 8.5422404110431671e-02</leafValues></_>
        <_>
          <internalNodes>
            0 -1 97 6.6901132464408875e-02</internalNodes>
          <leafValues>
            -3.1699416041374207e-01 2.2406087815761566e-01</leafValues></_>
        <_>
          <internalNodes>
            0 -1 14 2.2706426680088043e-01</internalNodes>
          <leafValues>
            1.7248925566673279e-01 -4.9015891551971436e-01</leafValues></_></weakClassifiers></_>
    <!-- stage 16 -->
    <_>
      <maxWeakCount>11</maxWeakCount>
      <stageThreshold>-1.6090217828750610e+00</stageThreshold>
      <weakClassifiers>
        <_>
          <internalNodes>
            0 -1 132 -2.4048062041401863e-03</internalNodes>
          <leafValues>
            1.4150942862033844e-01 -6.8596494197845459e-01</leafValues></_>
        <_>
          <internalNodes>
            0 -1 25 2.9530856758356094e-02</internalNodes>
          <leafValues>
            -4.0512758493423462e-01 3.1405046582221985e-01</leafValues></_>
        <_>
          <internalNodes>
            0 -1 130 1.7380535136908293e-03</internalNodes>
          <leafValues>
            1.6894204914569855e-01 -7.7050065994262695e-01</leafValues></_>
        <_>
          <internalNodes>
            0 -1 75 1.5756545588374138e-02</internalNodes>
          <leafValues>
            -5.8571165800094604e-01 1.9584618508815765e-01</leafValues></_>
        <_>
          <internalNodes>
            0 -1 44 4.5225605368614197e-02</internalNodes>
          <leafValues>
            1.8408352136611938e-01 -6.7173320055007935e-01</leafValues></_>
        <_>
          <internalNodes>
            0 -1 84 -1.5745041891932487e-03</internalNodes>
          <leafValues>
            -7.7896970510482788e-01 1.2609292566776276e-01</leafValues></_>
        <_>
          <internalNodes>
            0 -1 16 -1.2951292097568512e-02</internalNodes>
          <leafValues>
            4.2012158036231995e-01 -2.9182296991348267e-01</leafValues></_>
        <_>
          <internalNodes>
            0 -1 34 1.5323327854275703e-02</internalNodes>
          <leafValues>
            -7.4770975112915039e-01 1.3552013039588928e-01</leafValues></_>
        <_>
          <internalNodes>
            0 -1 108 -6.0786426067352295e-02</internalNodes>
          <leafValues>
            -8.4918624162673950e-01 8.4768429398536682e-02</leafValues></_>
        <_>
          <internalNodes>
            0 -1 71 -3.4626419655978680e-03</internalNodes>
          <leafValues>
            6.9959491491317749e-01 -1.6175265610218048e-01</leafValues></_>
        <_>
          <internalNodes>
            0 -1 71 2.9852055013179779e-03</internalNodes>
          <leafValues>
            -1.7804895341396332e-01 5.5999410152435303e-01</leafValues></_></weakClassifiers></_>
    <!-- stage 17 -->
    <_>
      <maxWeakCount>14</maxWeakCount>
      <stageThreshold>-1.5299042463302612e+00</stageThreshold>
      <weakClassifiers>
        <_>
          <internalNodes>
            0 -1 56 3.5171106457710266e-02</internalNodes>
          <leafValues>
            -7.9471230506896973e-01 -3.3991536498069763e-01</leafValues></_>
        <_>
          <internalNodes>
            0 -1 104 3.7002183962613344e-03</internalNodes>
          <leafValues>
            5.0652537494897842e-02 -6.0433226823806763e-01</leafValues></_>
        <_>
          <internalNodes>
            0 -1 112 -2.8599458746612072e-03</internalNodes>
          <leafValues>
            -5.4398572444915771e-01 1.8040661513805389e-01</leafValues></_>
        <_>
          <internalNodes>
            0 -1 36 -1.0473478323547170e-04</internalNodes>
          <leafValues>
            1.1448877304792404e-01 -6.2020498514175415e-01</leafValues></_>
        <_>
          <internalNodes>
            0 -1 63 -4.1316607967019081e-03</internalNodes>
          <leafValues>
            -5.7890486717224121e-01 1.5986533463001251e-01</leafValues></_>
        <_>
          <internalNodes>
            0 -1 150 4.8871636390686035e-03</internalNodes>
          <leafValues>
            -2.8664594888687134e-01 2.7897503972053528e-01</leafValues></_>
        <_>
          <internalNodes>
            0 -1 98 5.1843258552253246e-03</internalNodes>
          <leafValues>
            1.3335113227367401e-01 -6.0496598482131958e-01</leafValues></_>
        <_>
          <internalNodes>
            0 -1 131 -2.3084371350705624e-03</internalNodes>
          <leafValues>
            -8.0909520387649536e-01 7.2684511542320251e-02</leafValues></_>
        <_>
          <internalNodes>
            0 -1 126 1.3127583079040051e-03</internalNodes>
          <leafValues>
            1.2183179706335068e-01 -5.0571805238723755e-01</leafValues></_>
        <_>
          <internalNodes>
            0 -1 117 5.7256706058979034e-03</internalNodes>
          <leafValues>
            -4.7263863682746887e-01 1.4896862208843231e-01</leafValues></_>
        <_>
          <internalNodes>
            0 -1 105 -7.1383831091225147e-03</internalNodes>
          <leafValues>
            -5.8909237384796143e-01 1.0955023020505905e-01</leafValues></_>
        <_>
          <internalNodes>
            0 -1 22 -2.8898468372062780e-05</internalNodes>
          <leafValues>
            1.9818380475044250e-01 -3.9211967587471008e-01</leafValues></_>
        <_>
          <internalNodes>
            0 -1 159 4.0197730995714664e-03</internalNodes>
          <leafValues>
            1.1998333036899567e-01 -6.2468194961547852e-01</leafValues></_>
        <_>
          <internalNodes>
            0 -1 161 -1.1560360435396433e-03</internalNodes>
          <leafValues>
            -4.7384899854660034e-01 1.4619633555412292e-01</leafValues></_></weakClassifiers></_></stages>
  <features>
    <_>
      <rects>
        <_>
          0 0 8 2 -1.</_>
        <_>
          2 0 4 2 2.</_></rects>
      <tilted>0</tilted></_>
    <_>
      <rects>
        <_>
          0 0 8 3 -1.</_>
        <_>
          2 0 4 3 2.</_></rects>
      <tilted>0</tilted></_>
    <_>
      <rects>
        <_>
          0 0 4 14 -1.</_>
        <_>
          0 0 2 7 2.</_>
        <_>
          2 7 2 7 2.</_></rects>
      <tilted>0</tilted></_>
    <_>
      <rects>
        <_>
          0 0 6 18 -1.</_>
        <_>
          2 0 2 18 3.</_></rects>
      <tilted>0</tilted></_>
    <_>
      <rects>
        <_>
          0 0 9 1 -1.</_>
        <_>
          3 0 3 1 3.</_></rects>
      <tilted>0</tilted></_>
    <_>
      <rects>
        <_>
          0 0 6 6 -1.</_>
        <_>
          0 0 3 3 2.</_>
        <_>
          3 3 3 3 2.</_></rects>
      <tilted>0</tilted></_>
    <_>
      <rects>
        <_>
          0 0 4 6 -1.</_>
        <_>
          0 2 4 2 3.</_></rects>
      <tilted>0</tilted></_>
    <_>
      <rects>
        <_>
          0 1 4 12 -1.</_>
        <_>
          1 1 2 12 2.</_></rects>
      <tilted>0</tilted></_>
    <_>
      <rects>
        <_>
          0 1 6 16 -1.</_>
        <_>
          2 1 2 16 3.</_></rects>
      <tilted>0</tilted></_>
    <_>
      <rects>
        <_>
          0 2 4 11 -1.</_>
        <_>
          1 2 2 11 2.</_></rects>
      <tilted>0</tilted></_>
    <_>
      <rects>
        <_>
          0 2 20 2 -1.</_>
        <_>
          5 2 10 2 2.</_></rects>
      <tilted>0</tilted></_>
    <_>
      <rects>
        <_>
          0 2 18 4 -1.</_>
        <_>
          0 2 9 2 2.</_>
        <_>
          9 4 9 2 2.</_></rects>
      <tilted>0</tilted></_>
    <_>
      <rects>
        <_>
          0 3 20 17 -1.</_>
        <_>
          5 3 10 17 2.</_></rects>
      <tilted>0</tilted></_>
    <_>
      <rects>
        <_>
          0 5 4 4 -1.</_>
        <_>
          0 7 4 2 2.</_></rects>
      <tilted>0</tilted></_>
    <_>
      <rects>
        <_>
          0 5 20 12 -1.</_>
        <_>
          0 11 20 6 2.</_></rects>
      <tilted>0</tilted></_>
    <_>
      <rects>
        <_>
          0 6 6 8 -1.</_>
        <_>
          2 6 2 8 3.</_></rects>
      <tilted>0</tilted></_>
    <_>
      <rects>
        <_>
          0 17 9 3 -1.</_>
        <_>
          3 17 3 3 3.</_></rects>
      <tilted>0</tilted></_>
    <_>
      <rects>
        <_>
          0 19 12 1 -1.</_>
        <_>
          4 19 4 1 3.</_></rects>
      <tilted>0</tilted></_>
    <_>
      <rects>
        <_>
          1 1 4 16 -1.</_>
        <_>
          3 1 2 16 2.</_></rects>
      <tilted>0</tilted></_>
    <_>
      <rects>
        <_>
          1 6 16 6 -1.</_>
        <_>
          1 6 8 3 2.</_>
        <_>
          9 9 8 3 2.</_></rects>
      <tilted>0</tilted></_>
    <_>
      <rects>
        <_>
          1 7 19 4 -1.</_>
        <_>
          1 9 19 2 2.</_></rects>
      <tilted>0</tilted></_>
    <_>
      <rects>
        <_>
          1 10 4 10 -1.</_>
        <_>
          1 10 2 5 2.</_>
        <_>
          3 15 2 5 2.</_></rects>
      <tilted>0</tilted></_>
    <_>
      <rects>
        <_>
          1 14 18 2 -1.</_>
        <_>
          1 15 18 1 2.</_></rects>
      <tilted>0</tilted></_>
    <_>
      <rects>
        <_>
          2 0 11 3 -1.</_>
        <_>
          2 1 11 1 3.</_></rects>
      <tilted>0</tilted></_>
    <_>
      <rects>
        <_>
          2 0 12 3 -1.</_>
        <_>
          2 1 12 1 3.</_></rects>
      <tilted>0</tilted></_>
    <_>
      <rects>
        <_>
          2 1 16 1 -1.</_>
        <_>
          6 1 8 1 2.</_></rects>
      <tilted>0</tilted></_>
    <_>
      <rects>
        <_>
          2 2 6 3 -1.</_>
        <_>
          5 2 3 3 2.</_></rects>
      <tilted>0</tilted></_>
    <_>
      <rects>
        <_>
          2 4 6 13 -1.</_>
        <_>
          4 4 2 13 3.</_></rects>
      <tilted>0</tilted></_>
    <_>
      <rects>
        <_>
          2 7 14 4 -1.</_>
        <_>
          2 9 14 2 2.</_></rects>
      <tilted>0</tilted></_>
    <_>
      <rects>
        <_>
          2 18 16 2 -1.</_>
        <_>
          6 18 8 2 2.</_></rects>
      <tilted>0</tilted></_>
    <_>
      <rects>
        <_>
          3 0 3 8 -1.</_>
        <_>
          3 4 3 4 2.</_></rects>
      <tilted>0</tilted></_>
    <_>
      <rects>
        <_>
          3 2 16 1 -1.</_>
        <_>
          7 2 8 1 2.</_></rects>
      <tilted>0</tilted></_>
    <_>
      <rects>
        <_>
          3 5 11 10 -1.</_>
        <_>
          3 10 11 5 2.</_></rects>
      <tilted>0</tilted></_>
    <_>
      <rects>
        <_>
          3 6 16 9 -1.</_>
        <_>
          3 9 16 3 3.</_></rects>
      <tilted>0</tilted></_>
    <_>
      <rects>
        <_>
          3 7 5 8 -1.</_>
        <_>
          3 9 5 4 2.</_></rects>
      <tilted>0</tilted></_>
    <_>
      <rects>
        <_>
          3 7 13 4 -1.</_>
        <_>
          3 9 13 2 2.</_></rects>
      <tilted>0</tilted></_>
    <_>
      <rects>
        <_>
          4 0 4 14 -1.</_>
        <_>
          4 0 2 7 2.</_>
        <_>
          6 7 2 7 2.</_></rects>
      <tilted>0</tilted></_>
    <_>
      <rects>
        <_>
          4 0 12 12 -1.</_>
        <_>
          8 0 4 12 3.</_></rects>
      <tilted>0</tilted></_>
    <_>
      <rects>
        <_>
          4 0 14 2 -1.</_>
        <_>
          4 1 14 1 2.</_></rects>
      <tilted>0</tilted></_>
    <_>
      <rects>
        <_>
          4 1 2 8 -1.</_>
        <_>
          4 1 1 4 2.</_>
        <_>
          5 5 1 4 2.</_></rects>
      <tilted>0</tilted></_>
    <_>
      <rects>
        <_>
          4 2 4 6 -1.</_>
        <_>
          4 2 2 3 2.</_>
        <_>
          6 5 2 3 2.</_></rects>
      <tilted>0</tilted></_>
    <_>
      <rects>
        <_>
          4 3 7 16 -1.</_>
        <_>
          4 11 7 8 2.</_></rects>
      <tilted>0</tilted></_>
    <_>
      <rects>
        <_>
          4 6 2 12 -1.</_>
        <_>
          4 6 1 6 2.</_>
        <_>
          5 12 1 6 2.</_></rects>
      <tilted>0</tilted></_>
    <_>
      <rects>
        <_>
          4 6 12 8 -1.</_>
        <_>
          4 8 12 4 2.</_></rects>
      <tilted>0</tilted></_>
    <_>
      <rects>
        <_>
          4 7 12 7 -1.</_>
        <_>
          7 7 6 7 2.</_></rects>
      <tilted>0</tilted></_>
    <_>
      <rects>
        <_>
          4 7 13 6 -1.</_>
        <_>
          4 9 13 2 3.</_></rects>
      <tilted>0</tilted></_>
    <_>
      <rects>
        <_>
          4 9 12 4 -1.</_>
        <_>
          7 9 6 4 2.</_></rects>
      <tilted>0</tilted></_>
    <_>
      <rects>
        <_>
          4 10 1 10 -1.</_>
        <_>
          4 15 1 5 2.</_></rects>
      <tilted>0</tilted></_>
    <_>
      <rects>
        <_>
          4 10 9 4 -1.</_>
        <_>
          4 12 9 2 2.</_></rects>
      <tilted>0</tilted></_>
    <_>
      <rects>
        <_>
          4 15 6 4 -1.</_>
        <_>
          4 15 3 2 2.</_>
        <_>
          7 17 3 2 2.</_></rects>
      <tilted>0</tilted></_>
    <_>
      <rects>
        <_>
          5 2 11 4 -1.</_>
        <_>
          5 4 11 2 2.</_></rects>
      <tilted>0</tilted></_>
    <_>
      <rects>
        <_>
          5 4 9 3 -1.</_>
        <_>
          8 5 3 1 9.</_></rects>
      <tilted>0</tilted></_>
    <_>
      <rects>
        <_>
          5 4 9 6 -1.</_>
        <_>
          8 4 3 6 3.</_></rects>
      <tilted>0</tilted></_>
    <_>
      <rects>
        <_>
          5 5 2 3 -1.</_>
        <_>
          5 6 2 1 3.</_></rects>
      <tilted>0</tilted></_>
    <_>
      <rects>
        <_>
          5 5 6 7 -1.</_>
        <_>
          8 5 3 7 2.</_></rects>
      <tilted>0</tilted></_>
    <_>
      <rects>
        <_>
          5 5 5 6 -1.</_>
        <_>
          5 7 5 2 3.</_></rects>
      <tilted>0</tilted></_>
    <_>
      <rects>
        <_>
          5 5 7 12 -1.</_>
        <_>
          5 11 7 6 2.</_></rects>
      <tilted>0</tilted></_>
    <_>
      <rects>
        <_>
          5 5 10 6 -1.</_>
        <_>
          5 7 10 2 3.</_></rects>
      <tilted>0</tilted></_>
    <_>
      <rects>
        <_>
          5 5 10 8 -1.</_>
        <_>
          5 9 10 4 2.</_></rects>
      <tilted>0</tilted></_>
    <_>
      <rects>
        <_>
          5 6 3 3 -1.</_>
        <_>
          5 7 3 1 3.</_></rects>
      <tilted>0</tilted></_>
    <_>
      <rects>
        <_>
          5 6 6 8 -1.</_>
        <_>
          5 6 3 4 2.</_>
        <_>
          8 10 3 4 2.</_></rects>
      <tilted>0</tilted></_>
    <_>
      <rects>
        <_>
          5 6 12 4 -1.</_>
        <_>
          5 7 12 2 2.</_></rects>
      <tilted>0</tilted></_>
    <_>
      <rects>
        <_>
          5 7 9 6 -1.</_>
        <_>
          5 10 9 3 2.</_></rects>
      <tilted>0</tilted></_>
    <_>
      <rects>
        <_>
          5 10 4 3 -1.</_>
        <_>
          7 10 2 3 2.</_></rects>
      <tilted>0</tilted></_>
    <_>
      <rects>
        <_>
          5 10 4 4 -1.</_>
        <_>
          7 10 2 4 2.</_></rects>
      <tilted>0</tilted></_>
    <_>
      <rects>
        <_>
          5 11 4 3 -1.</_>
        <_>
          7 11 2 3 2.</_></rects>
      <tilted>0</tilted></_>
    <_>
      <rects>
        <_>
          5 12 4 4 -1.</_>
        <_>
          5 12 4 2 2.</_></rects>
      <tilted>1</tilted></_>
    <_>
      <rects>
        <_>
          5 18 9 2 -1.</_>
        <_>
          5 19 9 1 2.</_></rects>
      <tilted>0</tilted></_>
    <_>
      <rects>
        <_>
          6 0 9 8 -1.</_>
        <_>
          9 0 3 8 3.</_></rects>
      <tilted>0</tilted></_>
    <_>
      <rects>
        <_>
          6 0 12 6 -1.</_>
        <_>
          4 2 12 2 3.</_></rects>
      <tilted>1</tilted></_>
    <_>
      <rects>
        <_>
          6 3 8 2 -1.</_>
        <_>
          8 3 4 2 2.</_></rects>
      <tilted>0</tilted></_>
    <_>
      <rects>
        <_>
          6 4 1 3 -1.</_>
        <_>
          6 5 1 1 3.</_></rects>
      <tilted>0</tilted></_>
    <_>
      <rects>
        <_>
          6 5 3 6 -1.</_>
        <_>
          6 7 3 2 3.</_></rects>
      <tilted>0</tilted></_>
    <_>
      <rects>
        <_>
          6 6 1 12 -1.</_>
        <_>
          6 9 1 6 2.</_></rects>
      <tilted>0</tilted></_>
    <_>
      <rects>
        <_>
          6 6 2 3 -1.</_>
        <_>
          6 7 2 1 3.</_></rects>
      <tilted>0</tilted></_>
    <_>
      <rects>
        <_>
          6 6 8 3 -1.</_>
        <_>
          8 6 4 3 2.</_></rects>
      <tilted>0</tilted></_>
    <_>
      <rects>
        <_>
          6 6 8 3 -1.</_>
        <_>
          10 6 4 3 2.</_></rects>
      <tilted>0</tilted></_>
    <_>
      <rects>
        <_>
          6 6 5 4 -1.</_>
        <_>
          5 7 5 2 2.</_></rects>
      <tilted>1</tilted></_>
    <_>
      <rects>
        <_>
          6 6 10 4 -1.</_>
        <_>
          6 7 10 2 2.</_></rects>
      <tilted>0</tilted></_>
    <_>
      <rects>
        <_>
          6 7 8 2 -1.</_>
        <_>
          8 7 4 2 2.</_></rects>
      <tilted>0</tilted></_>
    <_>
      <rects>
        <_>
          6 10 1 2 -1.</_>
        <_>
          6 11 1 1 2.</_></rects>
      <tilted>0</tilted></_>
    <_>
      <rects>
        <_>
          6 12 6 1 -1.</_>
        <_>
          8 14 2 1 3.</_></rects>
      <tilted>1</tilted></_>
    <_>
      <rects>
        <_>
          7 0 13 2 -1.</_>
        <_>
          7 0 13 1 2.</_></rects>
      <tilted>1</tilted></_>
    <_>
      <rects>
        <_>
          7 1 6 10 -1.</_>
        <_>
          9 1 2 10 3.</_></rects>
      <tilted>0</tilted></_>
    <_>
      <rects>
        <_>
          7 2 4 1 -1.</_>
        <_>
          9 2 2 1 2.</_></rects>
      <tilted>0</tilted></_>
    <_>
      <rects>
        <_>
          7 2 7 9 -1.</_>
        <_>
          7 5 7 3 3.</_></rects>
      <tilted>0</tilted></_>
    <_>
      <rects>
        <_>
          7 3 6 1 -1.</_>
        <_>
          9 3 2 1 3.</_></rects>
      <tilted>0</tilted></_>
    <_>
      <rects>
        <_>
          7 4 4 1 -1.</_>
        <_>
          8 4 2 1 2.</_></rects>
      <tilted>0</tilted></_>
    <_>
      <rects>
        <_>
          7 4 5 12 -1.</_>
        <_>
          7 10 5 6 2.</_></rects>
      <tilted>0</tilted></_>
    <_>
      <rects>
        <_>
          7 6 6 2 -1.</_>
        <_>
          9 6 2 2 3.</_></rects>
      <tilted>0</tilted></_>
    <_>
      <rects>
        <_>
          7 6 6 4 -1.</_>
        <_>
          7 7 6 2 2.</_></rects>
      <tilted>0</tilted></_>
    <_>
      <rects>
        <_>
          7 7 7 4 -1.</_>
        <_>
          7 9 7 2 2.</_></rects>
      <tilted>0</tilted></_>
    <_>
      <rects>
        <_>
          7 9 4 3 -1.</_>
        <_>
          7 9 2 3 2.</_></rects>
      <tilted>1</tilted></_>
    <_>
      <rects>
        <_>
          7 13 3 6 -1.</_>
        <_>
          7 15 3 2 3.</_></rects>
      <tilted>0</tilted></_>
    <_>
      <rects>
        <_>
          7 14 3 6 -1.</_>
        <_>
          7 17 3 3 2.</_></rects>
      <tilted>0</tilted></_>
    <_>
      <rects>
        <_>
          7 15 4 4 -1.</_>
        <_>
          7 17 4 2 2.</_></rects>
      <tilted>0</tilted></_>
    <_>
      <rects>
        <_>
          7 18 13 2 -1.</_>
        <_>
          7 19 13 1 2.</_></rects>
      <tilted>0</tilted></_>
    <_>
      <rects>
        <_>
          8 1 7 16 -1.</_>
        <_>
          8 9 7 8 2.</_></rects>
      <tilted>0</tilted></_>
    <_>
      <rects>
        <_>
          8 2 3 2 -1.</_>
        <_>
          9 3 1 2 3.</_></rects>
      <tilted>1</tilted></_>
    <_>
      <rects>
        <_>
          8 3 3 4 -1.</_>
        <_>
          8 5 3 2 2.</_></rects>
      <tilted>0</tilted></_>
    <_>
      <rects>
        <_>
          8 4 2 12 -1.</_>
        <_>
          8 4 1 6 2.</_>
        <_>
          9 10 1 6 2.</_></rects>
      <tilted>0</tilted></_>
    <_>
      <rects>
        <_>
          8 5 4 3 -1.</_>
        <_>
          8 5 2 3 2.</_></rects>
      <tilted>1</tilted></_>
    <_>
      <rects>
        <_>
          8 6 6 8 -1.</_>
        <_>
          8 6 3 4 2.</_>
        <_>
          11 10 3 4 2.</_></rects>
      <tilted>0</tilted></_>
    <_>
      <rects>
        <_>
          8 12 1 8 -1.</_>
        <_>
          8 16 1 4 2.</_></rects>
      <tilted>0</tilted></_>
    <_>
      <rects>
        <_>
          8 12 4 8 -1.</_>
        <_>
          8 16 4 4 2.</_></rects>
      <tilted>0</tilted></_>
    <_>
      <rects>
        <_>
          8 13 2 6 -1.</_>
        <_>
          8 15 2 2 3.</_></rects>
      <tilted>0</tilted></_>
    <_>
      <rects>
        <_>
          8 13 4 2 -1.</_>
        <_>
          8 14 4 1 2.</_></rects>
      <tilted>0</tilted></_>
    <_>
      <rects>
        <_>
          9 1 5 6 -1.</_>
        <_>
          9 3 5 2 3.</_></rects>
      <tilted>0</tilted></_>
    <_>
      <rects>
        <_>
          9 1 7 8 -1.</_>
        <_>
          7 3 7 4 2.</_></rects>
      <tilted>1</tilted></_>
    <_>
      <rects>
        <_>
          9 5 6 12 -1.</_>
        <_>
          9 5 3 6 2.</_>
        <_>
          12 11 3 6 2.</_></rects>
      <tilted>0</tilted></_>
    <_>
      <rects>
        <_>
          9 5 4 12 -1.</_>
        <_>
          9 11 4 6 2.</_></rects>
      <tilted>0</tilted></_>
    <_>
      <rects>
        <_>
          9 6 2 2 -1.</_>
        <_>
          9 7 2 1 2.</_></rects>
      <tilted>0</tilted></_>
    <_>
      <rects>
        <_>
          9 14 2 4 -1.</_>
        <_>
          9 16 2 2 2.</_></rects>
      <tilted>0</tilted></_>
    <_>
      <rects>
        <_>
          10 0 4 3 -1.</_>
        <_>
          11 0 2 3 2.</_></rects>
      <tilted>0</tilted></_>
    <_>
      <rects>
        <_>
          10 0 2 16 -1.</_>
        <_>
          10 0 1 8 2.</_>
        <_>
          11 8 1 8 2.</_></rects>
      <tilted>0</tilted></_>
    <_>
      <rects>
        <_>
          10 1 7 18 -1.</_>
        <_>
          10 10 7 9 2.</_></rects>
      <tilted>0</tilted></_>
    <_>
      <rects>
        <_>
          10 3 2 4 -1.</_>
        <_>
          11 3 1 4 2.</_></rects>
      <tilted>0</tilted></_>
    <_>
      <rects>
        <_>
          10 6 4 10 -1.</_>
        <_>
          10 6 2 5 2.</_>
        <_>
          12 11 2 5 2.</_></rects>
      <tilted>0</tilted></_>
    <_>
      <rects>
        <_>
          10 11 2 6 -1.</_>
        <_>
          10 14 2 3 2.</_></rects>
      <tilted>0</tilted></_>
    <_>
      <rects>
        <_>
          10 16 2 4 -1.</_>
        <_>
          10 18 2 2 2.</_></rects>
      <tilted>0</tilted></_>
    <_>
      <rects>
        <_>
          11 2 4 2 -1.</_>
        <_>
          11 2 2 2 2.</_></rects>
      <tilted>1</tilted></_>
    <_>
      <rects>
        <_>
          11 3 4 9 -1.</_>
        <_>
          11 6 4 3 3.</_></rects>
      <tilted>0</tilted></_>
    <_>
      <rects>
        <_>
          11 4 3 8 -1.</_>
        <_>
          12 5 1 8 3.</_></rects>
      <tilted>1</tilted></_>
    <_>
      <rects>
        <_>
          11 4 6 6 -1.</_>
        <_>
          9 6 6 2 3.</_></rects>
      <tilted>1</tilted></_>
    <_>
      <rects>
        <_>
          11 5 5 3 -1.</_>
        <_>
          10 6 5 1 3.</_></rects>
      <tilted>1</tilted></_>
    <_>
      <rects>
        <_>
          11 10 4 4 -1.</_>
        <_>
          13 10 2 4 2.</_></rects>
      <tilted>0</tilted></_>
    <_>
      <rects>
        <_>
          11 11 4 1 -1.</_>
        <_>
          13 11 2 1 2.</_></rects>
      <tilted>0</tilted></_>
    <_>
      <rects>
        <_>
          11 14 2 4 -1.</_>
        <_>
          11 16 2 2 2.</_></rects>
      <tilted>0</tilted></_>
    <_>
      <rects>
        <_>
          12 2 1 2 -1.</_>
        <_>
          12 2 1 1 2.</_></rects>
      <tilted>1</tilted></_>
    <_>
      <rects>
        <_>
          12 6 3 3 -1.</_>
        <_>
          12 7 3 1 3.</_></rects>
      <tilted>0</tilted></_>
    <_>
      <rects>
        <_>
          13 0 2 1 -1.</_>
        <_>
          13 0 1 1 2.</_></rects>
      <tilted>1</tilted></_>
    <_>
      <rects>
        <_>
          13 2 2 1 -1.</_>
        <_>
          13 2 1 1 2.</_></rects>
      <tilted>1</tilted></_>
    <_>
      <rects>
        <_>
          13 4 1 3 -1.</_>
        <_>
          13 5 1 1 3.</_></rects>
      <tilted>0</tilted></_>
    <_>
      <rects>
        <_>
          13 4 2 3 -1.</_>
        <_>
          13 5 2 1 3.</_></rects>
      <tilted>0</tilted></_>
    <_>
      <rects>
        <_>
          13 4 4 4 -1.</_>
        <_>
          13 4 2 2 2.</_>
        <_>
          15 6 2 2 2.</_></rects>
      <tilted>0</tilted></_>
    <_>
      <rects>
        <_>
          13 5 2 3 -1.</_>
        <_>
          13 6 2 1 3.</_></rects>
      <tilted>0</tilted></_>
    <_>
      <rects>
        <_>
          13 6 1 3 -1.</_>
        <_>
          13 7 1 1 3.</_></rects>
      <tilted>0</tilted></_>
    <_>
      <rects>
        <_>
          13 6 6 2 -1.</_>
        <_>
          15 6 2 2 3.</_></rects>
      <tilted>0</tilted></_>
    <_>
      <rects>
        <_>
          13 6 4 12 -1.</_>
        <_>
          13 6 2 6 2.</_>
        <_>
          15 12 2 6 2.</_></rects>
      <tilted>0</tilted></_>
    <_>
      <rects>
        <_>
          13 7 4 1 -1.</_>
        <_>
          13 7 2 1 2.</_></rects>
      <tilted>1</tilted></_>
    <_>
      <rects>
        <_>
          13 10 6 9 -1.</_>
        <_>
          16 10 3 9 2.</_></rects>
      <tilted>0</tilted></_>
    <_>
      <rects>
        <_>
          13 12 2 8 -1.</_>
        <_>
          13 12 1 4 2.</_>
        <_>
          14 16 1 4 2.</_></rects>
      <tilted>0</tilted></_>
    <_>
      <rects>
        <_>
          13 15 2 2 -1.</_>
        <_>
          13 15 1 2 2.</_></rects>
      <tilted>1</tilted></_>
    <_>
      <rects>
        <_>
          14 0 4 11 -1.</_>
        <_>
          15 1 2 11 2.</_></rects>
      <tilted>1</tilted></_>
    <_>
      <rects>
        <_>
          14 1 4 5 -1.</_>
        <_>
          16 1 2 5 2.</_></rects>
      <tilted>0</tilted></_>
    <_>
      <rects>
        <_>
          14 1 3 4 -1.</_>
        <_>
          14 3 3 2 2.</_></rects>
      <tilted>0</tilted></_>
    <_>
      <rects>
        <_>
          14 5 3 2 -1.</_>
        <_>
          15 6 1 2 3.</_></rects>
      <tilted>1</tilted></_>
    <_>
      <rects>
        <_>
          14 6 6 2 -1.</_>
        <_>
          16 8 2 2 3.</_></rects>
      <tilted>1</tilted></_>
    <_>
      <rects>
        <_>
          15 0 2 20 -1.</_>
        <_>
          15 5 2 10 2.</_></rects>
      <tilted>0</tilted></_>
    <_>
      <rects>
        <_>
          15 1 2 3 -1.</_>
        <_>
          15 1 1 3 2.</_></rects>
      <tilted>1</tilted></_>
    <_>
      <rects>
        <_>
          15 1 2 12 -1.</_>
        <_>
          15 1 1 6 2.</_>
        <_>
          16 7 1 6 2.</_></rects>
      <tilted>0</tilted></_>
    <_>
      <rects>
        <_>
          15 1 4 16 -1.</_>
        <_>
          17 1 2 16 2.</_></rects>
      <tilted>0</tilted></_>
    <_>
      <rects>
        <_>
          15 2 3 12 -1.</_>
        <_>
          16 2 1 12 3.</_></rects>
      <tilted>0</tilted></_>
    <_>
      <rects>
        <_>
          15 10 1 2 -1.</_>
        <_>
          15 10 1 1 2.</_></rects>
      <tilted>1</tilted></_>
    <_>
      <rects>
        <_>
          15 10 2 6 -1.</_>
        <_>
          15 10 2 3 2.</_></rects>
      <tilted>1</tilted></_>
    <_>
      <rects>
        <_>
          15 11 1 4 -1.</_>
        <_>
          15 11 1 2 2.</_></rects>
      <tilted>1</tilted></_>
    <_>
      <rects>
        <_>
          16 0 4 17 -1.</_>
        <_>
          17 0 2 17 2.</_></rects>
      <tilted>0</tilted></_>
    <_>
      <rects>
        <_>
          16 5 2 4 -1.</_>
        <_>
          16 7 2 2 2.</_></rects>
      <tilted>0</tilted></_>
    <_>
      <rects>
        <_>
          17 0 1 12 -1.</_>
        <_>
          14 3 1 6 2.</_></rects>
      <tilted>1</tilted></_>
    <_>
      <rects>
        <_>
          17 0 3 6 -1.</_>
        <_>
          17 2 3 2 3.</_></rects>
      <tilted>0</tilted></_>
    <_>
      <rects>
        <_>
          17 0 3 4 -1.</_>
        <_>
          17 0 3 2 2.</_></rects>
      <tilted>1</tilted></_>
    <_>
      <rects>
        <_>
          17 1 2 3 -1.</_>
        <_>
          17 2 2 1 3.</_></rects>
      <tilted>0</tilted></_>
    <_>
      <rects>
        <_>
          17 2 3 13 -1.</_>
        <_>
          18 2 1 13 3.</_></rects>
      <tilted>0</tilted></_>
    <_>
      <rects>
        <_>
          19 1 1 2 -1.</_>
        <_>
          19 2 1 1 2.</_></rects>
      <tilted>0</tilted></_></features></cascade>
</opencv_storage>
